newsy,gdef,g,y
0.0,0.001061140444027771,0.04589810484301035,1.0314764972774828
0.0010165665869940627,0.0011967668782287889,0.05176443133304001,1.034152160746907
0.0,0.001322681063674327,0.057210668461525435,1.0372608762888753
0.0,0.0013142894172777757,0.05684769985705643,1.049313792704685
0.0,0.001284181229958589,0.05371906485438803,1.0355503853820145
0.0,0.0014550849437567316,0.06086820196307654,1.0342303450872805
0.0,0.0010946159332036688,0.04578928809628415,1.0925208555399673
0.0,0.0012520583866602272,0.052375322193932164,1.089186000657246
0.0,0.0012078076247173783,0.054055554410814236,1.0693178409795852
0.0,0.0012960217037647093,0.05800358458727439,1.0363339525257265
0.0,0.0011408386257936024,0.05105834997934775,1.0186984158065855
0.0,0.001149775159815341,0.0514583054781957,1.023704958283701
0.0,0.0013126866119133988,0.05519085256015635,1.030765176708353
0.0,0.001301464624927642,0.054719033145269415,1.0170608728470734
0.0,0.0012544038812763885,0.052740402038152584,0.9220018534213048
0.0,0.0012297922352769257,0.051705625181824956,0.8748466475935317
0.0,0.0011691845212794757,0.05307123437805524,0.8598786086732307
0.0,0.001216926347862276,0.05523831546927559,0.8473061569840681
0.0,0.0011991069412166373,0.05442946289779812,0.8718071561819423
0.0,0.0011828886438192846,0.053693287344048914,0.909696095804582
0.0,0.0011697086809316901,0.05562924038449999,0.9322514122892319
0.0,0.0011383749209190857,0.05413906313241443,0.9520098560165039
0.0,0.0011348980239954728,0.05397370817018422,0.985209488182808
0.0,0.0011195420795327325,0.053243407079173785,1.0007636952485395
0.0,0.0011486921350339452,0.05279951218446069,0.9519383075706537
0.0,0.0011250225638849908,0.051711542856418546,0.9320058843795972
0.0,0.0012208462285504423,0.05611606744203666,0.9059175659808635
0.0,0.0011861104037019943,0.05451943893611527,0.882266643938306
0.0,0.0021290604867162666,0.05614222897350806,0.9167484001126844
0.0,0.00212990877853238,0.056164597991990035,0.9216463465270343
0.0,0.0021677927477815623,0.057163578758052405,0.9493279620112566
0.0,0.0020180621850609125,0.05321526090186966,0.9542681924069515
0.0,0.002890532857172642,0.05084642190631337,0.9469558129833455
0.011184071069779079,0.0038852367976399947,0.0683439349006293,0.9295295890371218
-0.0027317511979454007,0.004223800827939774,0.07429950447120423,0.9166207279170432
0.0,0.0037863237838155683,0.06660398829512304,0.9216151484263121
0.005922132396378151,0.00250645755523785,0.06995991640853265,0.9781447220198127
0.0,0.0025083740167144656,0.07001340843133752,0.9771620817368465
0.0,0.002209258755695147,0.061664542274119785,0.9922397420026983
0.0,0.002195191745333849,0.061271905715428496,0.9974325518852581
0.004538357125482633,0.00212626007933855,0.05725623066918182,0.9803541991016581
0.0,0.0023028083240741746,0.06201034665106428,0.9787270130418814
0.0,0.002508506143829888,0.06754940649163878,0.9707076255449835
0.0,0.002524614248982585,0.06798316781426739,0.965883141791595
0.0,0.002169661363755028,0.06611664602804959,1.0238143769849375
0.0,0.00213870080722193,0.0651731770649541,1.0619076559983622
0.0,0.001933782774214981,0.058928657399619666,1.060565310347695
0.01771261021869775,0.001989273994523902,0.060619655558189316,1.05964913075999
0.0,0.0020118830893622913,0.06323359340647818,1.0262713409951518
0.0,0.0019792127679130363,0.06220676345104773,1.0214732310292796
0.0,0.0021322362409322993,0.06701629941549303,1.0376407785173212
0.0,0.002076770069760944,0.06527299468063624,1.0343227864158602
0.0,0.0021877299984571262,0.07031853916479605,1.0685869462632818
0.0,0.00215383580990607,0.06922910407602036,1.0855919972194183
0.0,0.00220102536908695,0.07074588213719353,1.0771923061816389
0.0,0.002117165700754827,0.06805044468553452,1.0244701944226777
0.019530343733391926,0.002236093339118426,0.06553925534281206,0.9947261865657476
0.0,0.002174028371604404,0.0637201489206497,0.9741261348043879
0.0,0.0022379421982928254,0.06559344487569248,0.9641174354374911
0.0,0.002172662347463246,0.06368011114430754,0.9878044773945196
0.0,0.0018749987426637516,0.06648375452944452,1.0058332272056763
0.0,0.0019333319337767252,0.0685521343478568,1.0322121619148827
0.0,0.0020648536124667606,0.07321563347581161,1.054353021702177
0.0,0.0020335306335811337,0.07210498247003841,1.0983051200925946
0.0,0.0019492173512622385,0.06968899365134383,1.1426117006062895
0.0,0.0018809601114021435,0.06724864067983549,1.1499857160412217
0.0,0.0019790219083727417,0.07075457496781935,1.161512472942248
0.0,0.0020067008281027224,0.07174415986972349,1.1768788379833284
0.0,0.002176053806926301,0.0717064837817948,1.1586633812592653
0.0,0.0022711509620398636,0.0748401758757773,1.1404283919219673
0.0,0.0024075418404352162,0.07933460072800817,1.1019653427925689
0.0,0.002348399456831151,0.07738570941051272,1.0132090863453815
0.0,0.00216055176122521,0.08986198609656733,0.9250350955601161
0.0,0.002093447153550349,0.08707096140087829,0.9096975782456151
0.0,0.0018845587828593036,0.07838284561506229,0.9247649273773283
0.0,0.0019277988310381416,0.0801812920480504,0.9605676551397929
0.0,0.0023926833130937094,0.08009026228760179,1.0167117880266654
0.0,0.0022282623919062296,0.07458660259665519,1.0488106026484916
0.0,0.0021745207856329993,0.07278771039950321,1.0719166582569788
0.0,0.0020794408740147713,0.06960510156108579,1.0755885858360064
0.0,0.0019018315346386954,0.0684574700053674,1.0485023505898683
0.0,0.00201584134381058,0.07256131566653666,1.016344242201934
0.0,0.0020810210794861153,0.07490749602935909,0.9963474415959505
0.0,0.0021674819151360223,0.07801970126696284,0.9954971339653285
0.0,0.001953595072259797,0.08265966165392039,1.0113593807011523
0.0,0.002066487279180805,0.08743630741841887,1.0184740794908014
0.0,0.0020305130542077115,0.08591418171961775,1.0231855794845113
0.0,0.0021040711876478694,0.08902654134234352,1.0184734855688033
0.0,0.002043181816011307,0.08711024889995989,1.0209039995006006
0.0,0.0018970337633614472,0.08087928445871052,1.0279635289583504
0.0,0.001970845948948262,0.08402623780761499,1.0385772646504277
0.0,0.001969238213662347,0.08395769264936043,1.0554893184017262
0.0,0.002042395422036345,0.080108394292922,1.060466923332892
0.0,0.0020969087164988747,0.08224655639409656,1.0544260516250006
0.0,0.0019712279859415084,0.07731701071950149,1.051466810240943
0.0,0.0019852027513070822,0.07786513964790473,1.0169374606714388
0.0,0.001597877811658874,0.08154282379645325,0.9774472902172602
0.0,0.0015967489553993727,0.0814852160579964,0.9580075224910046
0.0,0.0016191331272261316,0.08262752404035957,0.9248782042992045
0.0,0.0016128739095339578,0.0823081039434958,0.8808293409274983
0.0,0.0016540178711312726,0.08763634808378551,0.8941610222084109
0.0,0.0015675162309921275,0.08305315223242045,0.9044613757088759
0.0,0.0014316676714807748,0.07585536322674602,0.9356316634848968
0.022896889721489382,0.0014993127748106788,0.07943946586859262,0.9916258962409535
0.0,0.0015327435058194083,0.08112003177084308,1.0323328638535247
0.0,0.0013649329333896953,0.07223870301929552,1.0341099857028773
0.0062862666468162,0.001485823267551364,0.07863679096470148,1.0339678537569443
0.0,0.0013293733481997345,0.0703567216770712,1.0210386673045975
0.0,0.0017757365219010527,0.07837780856638861,0.9728664205964539
0.37291486280270225,0.0031539771572705352,0.1392108653544307,0.9829254126441918
0.0,0.0027936475413429685,0.12330656575274417,0.9631816486803321
0.06694749813181916,0.0027973133319569733,0.12346836714132028,0.9700250211134986
0.0,0.01773765027487451,0.2103276998697767,0.9838803162374479
0.2750224221925607,0.022882057937856495,0.27132853223369646,1.0440971171169924
-0.07594459834030028,0.025155777532553148,0.29828961248336167,1.0640760211816422
-0.16158987046539672,0.027728310406327603,0.3287939303493421,1.0301117008678264
0.0,0.06376772905617784,0.249165983856684,0.9862092896902123
0.0,0.03734972406121961,0.14594028798314015,0.9971139744311113
0.0,0.026837707190165136,0.104865639963499,1.0138450321108274
0.0,0.01783438682966198,0.06968607172726196,1.0182105787596651
0.0,0.004139121923589574,0.06775476126555838,1.009389749631618
0.0,0.00437705538625803,0.07164957887610322,0.9623420907019129
0.0,0.004427574714422348,0.07247654775555612,0.9531976843374317
0.0,0.004892730288429528,0.08009084505097576,0.9110017793309074
0.0,0.0038622385840457202,0.09846769631858202,0.8818510837929457
0.0,0.0036593744372786755,0.09329567890870438,0.9045537620704861
0.0,0.0028852964008516807,0.07356057467857294,0.9180173865467949
-0.009143073651122076,0.003188116235399022,0.08128096037163292,0.9207465464509356
0.0,0.002496061447745441,0.07887287933222058,0.9094119081609768
0.0,0.002426300760802172,0.07666851603484298,0.921774908327725
0.0,0.002623112847168813,0.08288756803500101,0.9305919490636373
0.0,0.0032479547960621636,0.10263190713422055,0.959879814487271
0.0,0.0021519604589677116,0.0894595095375379,1.0049073696653852
0.0,0.001907410137357922,0.07929326705975862,1.0357051502980346
0.0,0.0018592797406290326,0.07729243025661447,1.021237996155385
0.0,0.0021139933153979146,0.08788117103780328,1.0229728281848838
0.0,0.001450499081559685,0.07719952075849754,1.048788168612081
0.0,0.0016997468623615778,0.09046516806062124,1.0076528926605832
0.0,0.0017270273367395142,0.09191710937848586,0.983412138646829
0.0,0.001702308160389496,0.09060148733361408,1.0133805212568006
0.0,0.0017209594721167276,0.09516667734872092,1.0100535698552546
0.0,0.0015728405922873308,0.08697590826068391,1.0011258315207954
0.0,0.0016458440372307686,0.09101289774407485,1.011451098385833
0.0,0.0015852052626108754,0.08765965741937663,1.0233012290003134
0.0,0.0014483318742519033,0.0853962936866358,1.0296963081931516
0.0,0.0015369317352823858,0.0906203033819705,1.0287312967376743
0.0,0.0014095514123948182,0.08310972679618357,1.047734572224746
0.0,0.0015263493665182433,0.08999634758361472,1.047416594471243
0.0,0.0015991920699906523,0.09427933420810981,1.0362394442230214
0.0,0.0015184520986154914,0.08951936141429992,1.0345533100506448
0.0,0.0016110605599525933,0.0949790333578648,1.010045515925833
0.0,0.0015517444841323439,0.09148209247058067,0.9820880878026494
0.0026209016946497975,0.0017443738768112883,0.09598882761814373,0.9803591365609192
0.0,0.0016700288265181975,0.09189779282811876,0.9834836045061854
0.0,0.0016924371033872373,0.09313086806169989,0.9972325752894983
0.0,0.001723949226727221,0.09486490674192406,0.998951568595675
0.0,0.0017457875228908415,0.09562385511004266,1.0108445055844109
0.0,0.0016745381783440812,0.09172123986603915,1.0445661857356727
0.0,0.0016726100670367851,0.09161562939863269,1.0441350425572085
0.0,0.0017599182798789133,0.09639785391637226,0.9890557831289629
0.0,0.0016935111225326695,0.09973597918382762,0.9482216092398104
0.0,0.0017113872743171968,0.10078875969323595,0.9379890680831968
0.0,0.0016730336459228551,0.09852999880748418,0.88763291931016
0.0,0.0017832818794034139,0.10502284988662355,0.8422926929203033
0.0,0.0020623580660077885,0.12021343472616791,0.8399300844530769
0.0,0.0017024225240378605,0.09923303927816118,0.8502480197871629
0.0,0.0020020289474433914,0.11669689185412092,0.8125538490311895
0.0,0.0016123541579194144,0.09398301609851442,0.7666225428847504
0.0,0.0017031322986869296,0.09536707257046474,0.7348052457590949
0.0,0.0021130971280091705,0.11832309639753631,0.694417629662852
0.0,0.0018648763940184972,0.10442395023594152,0.6653868263514652
0.0,0.001746022035839953,0.09776868792280938,0.6561397770233512
0.0,0.0016622027377828595,0.1031959571394269,0.6126997156092386
0.0,0.0017005684822618578,0.1055778505347885,0.6528927129666515
0.0,0.0013062240796735032,0.08109542902105561,0.7024027518467068
0.0,0.0019031025519170189,0.11815194676043075,0.6526363331161665
0.009592524522533336,0.0023847010452824127,0.12708333819675785,0.6900050079567207
0.0,0.0020378966918822954,0.10860175325409029,0.7287604041228697
0.0,0.0019056575836971686,0.10155458591981428,0.6947839329598632
0.0,0.002102531862742566,0.11204623250824698,0.6896133092082679
0.0,0.0017252553663439656,0.09589502585688635,0.7261008606566174
0.0,0.0019247712536141764,0.10698473555544583,0.7208707367226831
0.0,0.002261935071370832,0.1257253426867236,0.7329494965900555
0.0,0.0020744673368673083,0.11530530655859768,0.7653144598602056
0.0,0.002052216247672878,0.1179745338269882,0.7606014610856517
0.0,0.002261170933623549,0.12998658747579278,0.7998599866675687
0.0,0.00222364431769969,0.12782931724428484,0.8145823775743344
0.0,0.0022754568165647545,0.1308078315246141,0.833658829378855
0.0,0.0025519619175247716,0.1294021313700152,0.8234990781541776
0.0,0.002267768660248682,0.11499156632201381,0.8377234208222561
0.0,0.002192217815047845,0.11116061558224849,0.8287786291711291
0.0,0.0020293171794788173,0.10290042592212685,0.7647405707077216
0.0,0.0021604549323792975,0.10844942006541303,0.7287004842672025
0.0006658331865736728,0.002296495744822766,0.11527832771518927,0.7355069030908707
0.0,0.0026070615239099787,0.13086795105302906,0.7725232847284553
0.0,0.002749511037721135,0.1380185594410534,0.7961892317295094
0.00429355771230976,0.0021455412362093172,0.1331930272406091,0.7803793357771098
0.0,0.0021206641983376267,0.1316486859215097,0.7824050023656521
0.005987654875876621,0.0019934965736188733,0.12375424855650533,0.799039926933927
0.0,0.0020166658561140464,0.1251925741512057,0.796330459462354
0.0,0.0033062006313258055,0.1245601846549773,0.8188247092548938
0.259756750636492,0.0031830040900300664,0.11991878939685038,0.8155475331875638
0.0,0.003167739908574729,0.11934371562707698,0.833110622275534
0.03923351728942459,0.0036595197909369513,0.13787138523558384,0.8450146501734729
0.05507293109228225,0.00915598026177515,0.16195773611630435,0.8857132810577024
0.34013040217275875,0.010121298136357945,0.17903299110049553,0.9345203141717455
0.0,0.011814952862344989,0.20899160583546877,0.9503494730288164
0.6918931550250522,0.014401174035921416,0.25473859462236703,0.986549430485387
0.0,0.028993568695942388,0.291831932890374,0.9862344620897789
0.1943829839863433,0.03826758922891342,0.38517868044617665,1.0466958233214168
0.43279120455800807,0.04761230796995095,0.4792370339076993,1.1006258456658662
0.0,0.05306064015207078,0.5340766891571539,1.1700268237256932
0.14444633329403284,0.10595643561032744,0.5763319965955331,1.184697102570512
0.0,0.10700757616258169,0.5820494967142722,1.2014006541484306
0.0,0.1074322415997309,0.584359392077093,1.221880427560643
0.0,0.11068799841415376,0.6020685271048757,1.2476902644647188
0.0,0.12331046221148424,0.6162795736551526,1.2597353858370153
-0.19643223897421577,0.12290574415828073,0.6142568785422996,1.2603981928458596
0.0,0.12156009392226948,0.607531603664036,1.2653191638706778
0.10785647257155787,0.12169568719259884,0.6082092701112329,1.2676257792094
0.0,0.14024824327968177,0.6030035304737379,1.282426175186529
0.0,0.1385688542281983,0.5957829229038876,1.2756821544997352
-0.21949978873273823,0.1157622477679106,0.49772490882770687,1.1845847984852582
0.0,0.0822883700868583,0.3538024899203405,1.081850085591568
0.0,0.06135858313765433,0.2353429877024896,1.0563682635223355
0.0,0.051834085512877055,0.19881144455470173,1.0640432102824313
0.017687238511804832,0.04624144511046558,0.17736067704762973,1.0140243120733843
0.0,0.04529033962896454,0.17371267876946697,0.9734685796094915
0.0,0.02131840324981378,0.1632206148577628,0.9894558632100925
0.03174864827657231,0.019224963210987347,0.1602245925763189,0.9791258655329758
0.0,0.01701306640204896,0.1541975616969083,0.9689998363498178
0.0,0.016678981834988577,0.149839252869072,0.9750884228701925
0.0067427663791082395,0.016272015829171895,0.15171871053168476,0.9801883222841468
0.012888725409245065,0.015661146244554947,0.15586108714202346,0.9868641013113446
0.0,0.015392113814876858,0.15757922735522922,0.9831255578797523
0.0,0.015680666379761187,0.16258215155310404,0.9749631867926571
0.0,0.015903960170279636,0.16883037988027977,0.9526765346396985
0.0,0.01586638632669179,0.1751872015996082,0.9406397459783749
0.0,0.015576589368187383,0.17445228464592336,0.9421114698392057
-0.006895347219206456,0.01493033397082291,0.17100296780893356,0.9249702281119524
0.0,0.014904753537204747,0.16670960478101135,0.9528624268874866
0.026090730829548523,0.014766855544215673,0.16691003831618148,0.972500461887908
0.600073364206873,0.015349504345724626,0.16216263637129177,1.0005724221712207
0.40216333820080363,0.017154695054666397,0.17000929688743166,1.0103474619319794
0.01293206154431298,0.020416576973387807,0.1879223971990929,1.0146144993232968
0.0,0.023113941438458956,0.20781246516933202,1.022597462981274
0.0,0.02649449903958947,0.23014413964941818,1.0339307126421882
0.0,0.027270849928809692,0.24068018517270942,1.0265570976100367
-0.0014394747917028075,0.027710831315836446,0.24338281623155358,1.0277568565186121
-0.013124981883530439,0.029673791844093064,0.2518161239141968,1.0202769809380248
0.002258440573221496,0.029825947245880512,0.25224893483788224,1.018093097186457
0.0,0.030472047676751428,0.2560171143072503,1.041716490160925
-0.020492298370377558,0.03000976095451278,0.2597720566834135,1.0512121782771542
-0.011906219264656456,0.0295695703742631,0.26274549253518853,1.0495555323535055
-0.0313047073590805,0.02881833301548736,0.25578753524932796,1.0339289379827061
-0.0026397062461230953,0.029055665657457215,0.2531515567128511,1.0087754487616902
0.0,0.026695245843486017,0.24512688630270305,0.99474727792208
0.0,0.0255108817280951,0.2367409824367225,0.9865472949767445
-0.01275544086404755,0.024895206326737113,0.23071451034360171,0.9884582037126081
0.0,0.023950708780035013,0.2284285523857883,0.9983646914148978
0.01221943129574632,0.02415401342362826,0.22669551216781023,1.0173304003933161
0.0,0.023392320362520966,0.22511742503805304,1.0242946543648659
0.0,0.023988636398639462,0.2252868680609412,1.0284039814611217
0.0,0.023108959358764787,0.21915434494089356,1.025017987945128
0.002107253316739361,0.02275306382494446,0.21862599239329947,1.0115709843462128
0.0013778949100418034,0.023412487683140134,0.22300299809767596,1.010479989753735
0.006785081078022595,0.02252963811798832,0.21820901435953424,1.0002946471009522
0.0011065365839732974,0.022858524437782978,0.22206733871352427,1.0072283782564813
0.0,0.02320677635026475,0.22560068612369946,1.0043484823588977
0.005122437527879646,0.023471946826635032,0.22300239336094477,0.9928639429199096
0.0,0.023277090146778256,0.22292735588332405,0.993255230917422
0.0213001091428408,0.02307644548329454,0.22605999080332015,0.9739866453236391
0.0014333513909630805,0.02276200647586048,0.22117254391181085,0.9400123811635446
0.0,0.022828199632662204,0.2260463189180249,0.9374546539187076
0.0,0.02260212551466236,0.2255379595190827,0.9503112514788814
0.0,0.02224983871992314,0.22800103030823288,0.9635844034056343
0.0028885265664049774,0.020145930144791165,0.22377495431084005,0.9724552682337814
0.0,0.019482118463373346,0.22402977215455655,0.9869453894533766
0.0,0.019536697590587997,0.22281991306855967,0.9759813212999401
0.0,0.01936472699387427,0.21825610420960276,0.9708299768501968
0.0,0.01881868832198351,0.2124748998846763,0.9833626203188182
0.005248528191359125,0.01872034866724403,0.21265400368160073,0.9706323882304935
0.0,0.019120390367203928,0.21701029469726765,0.9641501577860433
0.0,0.019064100649928573,0.21785051886331924,0.9437449827272586
0.013430336230965236,0.018670430094499917,0.21866813245116976,0.9414848773062177
0.05363232586144622,0.018530527248681684,0.21801622988744246,0.9501995482199432
0.005966042256497644,0.018684588271832364,0.22001192185743776,0.9572246385081049
-0.0016846242102407176,0.018951468541951653,0.223281425602907,0.9677101256898295
0.0033275920358108346,0.019606895349164422,0.22600946749047282,0.976178871730541
0.0,0.019493306695917187,0.2256966007492992,0.97769395602102
0.0,0.019661842715017596,0.2289562981299123,0.9780161794347165
0.0,0.019571633577457826,0.2288124176070226,0.9728825359615013
0.0,0.019499045129251363,0.22605319765280266,0.9747926369183002
0.0,0.019189699051963483,0.2242489244390536,0.9785236816370085
-0.010995630963517128,0.019392968212746484,0.23083491180142823,0.9885941247126928
0.0,0.019611416351365655,0.2285556579408969,0.9866390682175151
-0.006930494571708146,0.01917101438231183,0.22815017698314663,0.9988441507227458
0.0,0.01874647104882501,0.22819296090982472,1.001592241675767
0.0,0.018878517331126176,0.22769082687695588,1.0060336916728005
0.0,0.018285458414584253,0.22475428321568897,1.0004785104351268
0.003151430357390158,0.018006621771488793,0.2228846464714227,1.015933381417612
0.001977430323574092,0.0180357712352681,0.22379670938433152,1.0205354692217483
0.0195090531219218,0.0186953024468576,0.2305361946873659,1.0319122109611631
0.0,0.01981234194409302,0.23491423876579173,1.046737388532398
0.0,0.019838629735358587,0.2371756479903426,1.062971559395139
0.0013331964473880977,0.02024871481984955,0.23929167563696263,1.057753103863929
0.014415161182949556,0.021309877405806987,0.24489750618313594,1.0557577332663814
0.02803973547685065,0.02130456398961282,0.24609899785094133,1.0552777306505536
0.04904284086603247,0.02214174884483089,0.25399310175688816,1.0554398137697447
0.00748506193782578,0.022438205007314183,0.25193428738629925,1.046936681699033
0.004674561972987975,0.02250569662798235,0.25287774492719856,1.0465650871390502
-0.012076301094899643,0.02261110656348978,0.2538225976000214,1.0455843115789933
0.0059193702798512465,0.02324260678767849,0.25634289477248884,1.0573334881056458
-0.02703843118243092,0.02316725172384083,0.25585213762960474,1.0656271761066523
0.0,0.02276890592438112,0.25535221597436764,1.0637788538998865
0.0,0.022554029235413456,0.2540330398393374,1.0590479159693917
0.0,0.021437375741359642,0.2516595256438258,1.065983458125227
0.0,0.021480242146507136,0.24964169056014052,1.0599560811959643
0.0,0.021413600360296076,0.24994826291199015,1.0571543238618533
0.0,0.021245362268457055,0.24488915636005326,1.0432679075702909
-0.005012058050758356,0.020386864421500787,0.24435529967066583,1.0322327397445021
-0.0029393179591499495,0.019353681389367185,0.24011916582853804,1.0249485884622966
0.0,0.019194009241309328,0.24125226191227842,1.0249429647636537
0.0,0.018775313952053306,0.23988772508934564,1.0054999993593228
0.0,0.018786522664876962,0.2371756326380876,1.023354705879987
0.0,0.018115645788837294,0.2358252351046592,1.020180560145623
0.0,0.017477970670869678,0.23460826931515055,1.0191790782918808
0.0,0.017511080903507812,0.23259540521184008,1.0132205457201777
0.0,0.01775823432860074,0.23558596001545434,1.0223850077449383
0.0,0.017533083464430516,0.23594887701984466,1.0369554277119517
0.0,0.01652138426115536,0.22955387221706727,1.0373857733910368
0.0,0.016421608939512077,0.23035617376794884,1.0454476678903903
0.0,0.016248397306425726,0.23172991780115357,1.06188916209929
0.0,0.01595415493270667,0.2289759270853178,1.064613832682187
-0.003754934848890092,0.015258703212915194,0.22325444130211183,1.0496504300795184
0.0036527231888434522,0.015345868023804728,0.22275945069317554,1.050281374810321
0.0,0.015053002953834521,0.22527951276381958,1.0325543396732082
0.0,0.014889813796473807,0.22564175548344936,1.0263479639522513
0.0,0.014360725596550026,0.22448402151014848,1.0076494960160123
0.0,0.01439811597851501,0.22394448614252777,0.9949856970341728
0.0,0.014131590406833103,0.22366004850788748,0.9745051381374473
0.0,0.013853497829074413,0.22088012236598065,0.9735879670281324
0.0,0.013672965337829879,0.22156825131073576,0.981205535900315
0.0,0.013623821340691762,0.22182014296895017,0.9859049541257405
0.002233276042979614,0.013381209357484929,0.22073058066636006,0.9995580844919679
0.0,0.01332343001156683,0.21680551217466085,0.9985194184775303
0.0,0.013014440043255663,0.21311548550686893,0.9950440169432747
0.0,0.013026543299997605,0.21141516882368158,0.993976838475686
0.0,0.012975002971702362,0.21150286839772817,0.9969941636850136
0.0,0.012914009301722257,0.21189435428675002,1.0079284232747088
-0.0024462520698077814,0.012874812804308211,0.21041715480265888,1.0170597852201486
0.0,0.0126891954037804,0.20838629555207788,1.0085499333772514
0.0,0.012651504701294183,0.20663492052283006,1.0035135936776916
0.0,0.012673488561180979,0.20939432337590286,1.0337271184485854
0.0,0.012618960672816424,0.2088292533578312,1.0350256685646957
0.0,0.012318172472529662,0.20842286226896237,1.0400829565098781
0.00460927118005345,0.012403867769647874,0.20528709865007744,1.033380785639268
0.0,0.012382396680068464,0.20444658727436255,1.025948003958648
0.0,0.0120446942989838,0.20405598643526524,1.024659851185733
0.0,0.012174136880409189,0.20525564562799384,1.0187154245817118
0.06308384164975236,0.012307287829653799,0.20700444809146726,1.0134617744317926
0.0,0.012543550575669417,0.2063880412074764,0.9846277256664443
0.0,0.012301945056707191,0.2017343775595914,0.9749414880837005
0.0,0.012338874755383956,0.20178265949378865,0.9847489035708886
0.024507349416836088,0.012457606201793522,0.20242297193072942,0.9967692161638934
0.0,0.01261658013465147,0.20107708476821343,0.9812932638708058
0.0,0.012564158755766091,0.19775833608864357,0.984331564129728
0.0,0.012823934348885721,0.19945093880691336,0.9647949684325638
0.0,0.012915923929286798,0.19754484458888596,0.9408309593395381
0.0,0.012964301395282022,0.19741447329407405,0.9381466221922934
0.0,0.013115663205393759,0.1967259997324231,0.9270773382413114
0.0,0.013127665184611824,0.19909920843688397,0.9203540977025946
0.0,0.013088147926606314,0.19896572890908978,0.924767697488414
0.0,0.013153634165365979,0.19920329155555025,0.9381215928728247
0.0,0.013060146154464299,0.20063874667075546,0.9486617715166101
0.0,0.01314152190521362,0.19537130446928389,0.960323016370274
0.0,0.013081529901609384,0.19717599479715456,0.9714215205659457
0.0,0.013124671551078958,0.20004429913704333,0.9804352830403048
0.0,0.013146711531945536,0.200067010721354,0.9820400763361333
0.0,0.013385463755107787,0.20232925313344194,0.9818432021894732
0.0,0.01307833888605795,0.2030060812300289,0.983575299836073
0.0,0.013119178080777396,0.20561916899168353,0.9845591440151711
0.0,0.013457349024141311,0.20867501144986428,0.9918143444608842
0.0,0.013530451070323055,0.20836453924242704,0.9912064261987145
0.0,0.0133108836401071,0.20746517110555757,0.9923556197853077
0.0,0.013587736473691367,0.2096708415856064,0.9889112643161845
0.0,0.013672449594283447,0.212989390287259,0.9908734416537424
-0.019175479850635405,0.013127501959029283,0.21049708170280995,0.9880451453065398
0.0,0.01323654703454617,0.21006422650706186,0.987018027800946
0.0,0.0133424843140508,0.2104954371298172,0.9901443606889897
0.0,0.01337063444503767,0.20954190671132766,0.9911798600222707
0.0,0.013340036279825421,0.20975729022345369,0.9995590836364584
-0.048160592252443825,0.013351884601313889,0.20706290955304102,0.9972241597711117
0.0,0.01320573505488575,0.20611689479699674,1.002419592590198
0.0,0.012957921848469844,0.20354575134577116,1.0002610615104703
-0.01109837739162773,0.013233262527401292,0.20554071371859658,1.005545453144144
0.0,0.012625531246626546,0.20362525052499844,1.0077140634951274
0.0,0.01288453085284947,0.20519072367127678,1.0076831804812867
0.0,0.012728826295130918,0.2053867089241502,1.007270964614639
-0.0895194001802324,0.012626629341383653,0.20508796571351287,1.0015332731823403
0.0,0.012619405637333174,0.20703555823360448,1.004627274758615
0.0,0.012488108721410951,0.2057763492325142,1.000681181150735
0.0,0.012074919597651283,0.20432071849023467,0.9931816392897479
0.018465295503672447,0.012299150773318829,0.2060862490262638,0.9771190860183796
0.0,0.012545760928718973,0.2051579247463563,0.9650407836841751
0.0,0.01231371209966952,0.20367276681004973,0.9650581212475241
0.0,0.012147060090340538,0.20153608893975403,0.9622614671912175
-0.01734658750779056,0.011779893932323855,0.19954661042930644,0.9590595676573425
0.0,0.011561446425783044,0.20025694152379087,0.9629973823951453
0.0,0.011315683380183761,0.19923198775608122,0.9662070055690858
0.0,0.011549738983105242,0.19923848224967433,0.9682006004523718
0.0,0.01131449706729758,0.19714368561330858,0.9705065669757863
0.0,0.010828590648067996,0.19326363257539836,0.9649912784104435
0.0,0.010563473323751345,0.1919785109510661,0.9634275382084421
0.0,0.010542334113570691,0.1907476222896066,0.9608617022027711
0.0,0.010452967355191885,0.18980973005158525,0.9664128608643786
0.0,0.00996325225914833,0.18648183040221095,0.9686179393344416
0.0,0.009857074269572937,0.18665900826472764,0.9745633578616296
0.0,0.010072564037207214,0.18851502602705994,0.9730541999716102
0.0,0.009576448278866473,0.18607361943254236,0.976833901796733
0.0,0.009446237807129365,0.18568810923849957,0.9729674982999185
0.0,0.009400273495134677,0.18550693767331367,0.9692007476234613
0.0,0.009257931860530177,0.18349592963438582,0.9703665964549415
0.0,0.008912663504098748,0.1810674844361467,0.9701322830455202
0.0,0.008827987005853962,0.18089764828284063,0.9694169091294011
0.0,0.008932476142443574,0.1812908423577963,0.9792158201190564
0.0,0.008791620605578311,0.1804417642089532,0.9811612026398691
0.0,0.008758088930108144,0.1805351891029335,0.9844202891908195
0.0,0.008414499428021681,0.17959402718580852,0.9848373151308305
0.0,0.008657170509207753,0.1801566598768886,0.9925873581156366
0.0,0.008349139248158229,0.1791172371009085,0.9981023135624016
0.0,0.008401413434831246,0.1786949623943708,0.9987455877295672
0.0,0.007885277191376997,0.17650835331678827,1.0015410774095037
0.0,0.008130345428749656,0.1791187944508884,1.004189466859815
0.0,0.008083951963204708,0.17988330481969944,1.0102529252634767
0.0,0.008036056819868432,0.180889870355592,1.0197200571425107
0.0016401789610916279,0.007898380188132423,0.1810950394718042,1.0207826800675206
0.0,0.007867203231865435,0.1822141519969431,1.0221362455280203
0.0,0.008040784341186704,0.18418005140736393,1.0279329324487396
0.0,0.008281041868703645,0.1867008043233744,1.038673483664659
0.0,0.007733430699420679,0.18515571862463198,1.034649901215551
0.0,0.008056292357848396,0.18632076699105246,1.0471184597193048
0.0,0.007767310302735813,0.18550211328350918,1.0413734430237553
0.0,0.007733327057907629,0.18564038092262222,1.040330626792782
0.0,0.007842884111890132,0.18749840738152557,1.0305203829209746
0.0,0.007803880659205454,0.1894804910246826,1.0291882560326742
0.009393728009035372,0.007840849282619947,0.18829093365412616,1.0192390921362342
0.0,0.007876586812618169,0.18969358010197793,1.0154402414940404
0.028115755982300067,0.008167878881964708,0.19249385236345795,1.0181939748339974
0.0,0.008226909072421493,0.19355736689627667,1.017261009150063
0.008651751956817135,0.008196129459741106,0.19396743322484616,1.0157173634216938
0.0,0.008559856046309596,0.19492646934025526,1.0099499231864684
0.011260275724102283,0.00872525409406906,0.19565474943574512,1.0088309090331986
0.0,0.009195920746073394,0.1972777559431492,1.0118525562315548
0.0036485127852718285,0.009090074945587886,0.19623837022813315,1.0224555785700578
0.006877841767586955,0.009340346758894039,0.19638703454850434,1.028069839474988
0.0,0.009450502697923914,0.19743205574596578,1.027700674106384
0.0021431120635878355,0.009382462671932098,0.19797145966575264,1.0290009467030934
0.0,0.009521417362123094,0.19877300803401496,1.032152334783089
0.0,0.009352071633547019,0.1978188180522476,1.0349153359669132
0.008238331586383792,0.009553974166169326,0.19817994401510794,1.0398064803991343
0.0,0.009504545853775758,0.19781046715209064,1.0391609109439386
0.0,0.009531552781690796,0.19894556978010242,1.0418669887858494
0.0,0.009401803150302866,0.19785402293284537,1.0418330765004429
0.0,0.009598605838814759,0.1991129770139712,1.0484038366732686
0.017490172388735917,0.009453665201899929,0.1993383940289123,1.0456695622258536
0.0,0.00926345014373638,0.1987104307464927,1.0408118027000695
0.0,0.00947494626780019,0.19954788885891725,1.0432331160182065
0.0,0.009301163087316124,0.19954679519224525,1.0382376891702771
0.0,0.009409770721267655,0.20076207406215657,1.0405951828283948
0.0,0.00951791021007868,0.20200478913925385,1.0420786743763117
0.05287757696089309,0.009713840596143964,0.2029851312102196,1.0403487490944014
0.0,0.009875777441527579,0.20489260773196194,1.0279346656200572
0.0,0.009972093934442528,0.20700166497543587,1.0277935758265127
0.0,0.010210011219238379,0.20953722155070867,1.0177495866904414
-0.01670318635091221,0.01019603017671121,0.20778545246730207,0.9913386233742917
0.0,0.010072723437754888,0.20529848919168248,0.9728521792565582
0.0,0.010265108175745361,0.20810396499403477,0.9668945896577922
0.0,0.010373557274456215,0.20891526174824512,0.9654877917160779
0.0,0.010563766114292973,0.20796532958027214,0.9703145236571673
0.0,0.010619768621977973,0.20719614151967686,0.9700718281438263
0.0,0.010658239741068685,0.20835939774160311,0.9750709189375054
0.0,0.010604806364561622,0.20735729237211997,0.977341194811214
-0.006347870909316471,0.010603780822395308,0.20473605829988414,0.9792610869083563
0.0,0.010484548852795943,0.20103765057194964,0.9713591573934339
0.0,0.010550747774331253,0.20064851469804496,0.9743800755733493
-0.024515444505791656,0.010345106625865895,0.19819999957211562,0.9724761495354209
-0.003032145548729797,0.010193980854959886,0.19611363147123143,0.9795321166052241
0.0,0.010119933103844674,0.195016669925334,0.9822096151326186
0.0,0.009906727522769117,0.19266693409704228,0.9830772036590867
0.0,0.009911647589042186,0.19092899323778417,0.9806275562412932
0.0,0.009551094673088633,0.18851160374245998,0.9773313605821183
-0.029174771821443228,0.009216166230520085,0.18568870020586378,0.9785434786875014
0.0,0.009138002651312592,0.18411067530685835,0.9779380033161136
0.0,0.008856517466546605,0.18260098248842355,0.9819136071477756
0.0,0.008747215777967172,0.18149662876632255,0.9880114713764084
0.0,0.008680320416353532,0.18065124568231475,0.9826846427754565
0.0,0.00851940653886829,0.18050180836590657,0.9907711210608101
0.0,0.008659739268521685,0.18103494184180713,0.99833370817651
0.0,0.008327354229400414,0.17965432315958488,1.0007156200336433
0.0,0.008302831750196518,0.1783926008864719,0.9996823717560516
